"","LEN","PRM","SEC"
"LEN",1,0.0294081042524547,0.377052950972427
"PRM",0.0294081042524547,1,0.726445625909539
"SEC",0.377052950972427,0.726445625909539,1
