"SITE","TMEAN","RAIN"
"BRKG",10.8977534246575,574
"CLMB",13.5561475409836,927.8
"KBSM",10.4010928961749,975
"KING",23.698489010989,828.98
"LINC",11.7018715846995,770.61
"MNHT",14.4232240437158,1013.2
"OVTN",19.9054644808743,1439.8
"PKLE",21.8510382513661,829.31
"STIL",17.0432513661202,742.36
"TMPL",20.6503095890411,965.04
